id,username,email,role,created_at
1,owner0,owner0@example.com,owner,2025-04-06 14:28:25.966900
2,owner1,owner1@example.com,owner,2025-04-06 14:28:25.966904
3,owner2,owner2@example.com,owner,2025-04-06 14:28:25.966905
4,owner3,owner3@example.com,owner,2025-04-06 14:28:25.966906
5,owner4,owner4@example.com,owner,2025-04-06 14:28:25.966907
6,owner5,owner5@example.com,owner,2025-04-06 14:28:25.966908
7,owner6,owner6@example.com,owner,2025-04-06 14:28:25.966909
8,owner7,owner7@example.com,owner,2025-04-06 14:28:25.966910
9,owner8,owner8@example.com,owner,2025-04-06 14:28:25.966911
10,owner9,owner9@example.com,owner,2025-04-06 14:28:25.966912
11,user10,user10@example.com,guest,2025-04-06 14:28:25.966912
12,user11,user11@example.com,guest,2025-04-06 14:28:25.966913
13,user12,user12@example.com,guest,2025-04-06 14:28:25.966914
14,user13,user13@example.com,guest,2025-04-06 14:28:25.966915
15,user14,user14@example.com,guest,2025-04-06 14:28:25.966916
16,user15,user15@example.com,guest,2025-04-06 14:28:25.966916
17,user16,user16@example.com,guest,2025-04-06 14:28:25.966917
18,user17,user17@example.com,guest,2025-04-06 14:28:25.966918
19,user18,user18@example.com,guest,2025-04-06 14:28:25.966919
20,user19,user19@example.com,guest,2025-04-06 14:28:25.966920
